Name,Surname,Gender,Email,Date
Flávio,Júnior,Male,flaviojunior.work@gmail.com,2025-03-31
Rafael,Antônio,Male,rafael2701@gmail.com,2025-03-31
Charles,Salviano,Male,charles23@gmail.com,2025-04-01
Carol,Avelino,Female,carolavelino@gmail.com,2025-04-29
Isa,Brasileiro,Female,isa@gmail.com,2025-04-14
Amâncio,José,Male,amancio@gmail.com,2025-03-31
Lindalva ,Maria,Female,linda@gmail.com,2025-03-31